asof_date,level,defense_active,target_leverage,qqq_weight,tqqq_weight,invested_fraction,close,sma50,sma200,vol20,mom12,action
2025-10-06,3,False,3.0,0.0,0.985,0.985,604.8679809570312,577.3678942871094,524.3705233764648,0.07385946804649997,0.26774512842112275,NO_CHANGE
2025-10-07,3,False,3.0,0.0,0.985,0.985,601.6829833984375,578.1049890136719,524.7267807006835,0.07880719845349055,0.26201233633754417,NO_CHANGE
2025-10-08,3,False,3.0,0.0,0.985,0.985,608.58056640625,578.9975329589844,525.213207244873,0.08514900766155832,0.2614707550479469,NO_CHANGE
2025-10-09,3,False,3.0,0.0,0.985,0.985,607.8441162109375,579.860234375,525.7073362731934,0.08533847009099564,0.2735863509909604,NO_CHANGE
2025-10-10,3,False,3.0,0.0,0.985,0.985,586.7431640625,580.3607666015625,526.0737355041504,0.15614700192745223,0.211284633681593,NO_CHANGE
2025-10-13,3,False,3.0,0.0,0.985,0.985,599.1946411132812,581.3316320800782,526.4773793029785,0.17076630825376987,0.22733234689561232,NO_CHANGE
2025-10-14,3,False,3.0,0.0,0.985,0.985,595.2034301757812,582.0194641113281,526.8259156799317,0.17282584067062362,0.22054319218717233,NO_CHANGE
2025-10-15,3,False,3.0,0.0,0.985,0.985,599.4037475585938,582.8674548339844,527.1972383117676,0.1739447216268304,0.22723823968609702,NO_CHANGE
2025-10-16,3,False,3.0,0.0,0.985,0.985,597.1842041015625,583.5308776855469,527.5923670959472,0.17215681765642013,0.21251896755527988,NO_CHANGE
2025-10-17,3,False,3.0,0.0,0.985,0.985,601.105712890625,584.2345544433593,528.0415608215332,0.17206050301172449,0.237016171368005,NO_CHANGE
2025-10-20,3,False,3.0,0.0,0.985,0.985,608.6800537109375,584.9841381835937,528.550341796875,0.17643286918148224,0.2524502721073314,NO_CHANGE
2025-10-21,3,False,3.0,0.0,0.985,0.985,608.5208740234375,585.7643395996093,529.0632846069336,0.17428986251343667,0.25125616568027276,NO_CHANGE
2025-10-22,3,False,3.0,0.0,0.985,0.985,602.6583862304688,586.284130859375,529.5055163574219,0.17778114422661928,0.23113191961572155,NO_CHANGE
2025-10-23,3,False,3.0,0.0,0.985,0.985,607.724609375,586.8994787597657,529.9435305786133,0.17862144341823477,0.23910073554868227,NO_CHANGE
2025-10-24,3,False,3.0,0.0,0.985,0.985,614.2140502929688,587.6535620117188,530.4603979492188,0.18140500134740842,0.25096859390136705,NO_CHANGE
2025-10-27,3,False,3.0,0.0,0.985,0.985,625.1527709960938,588.6771240234375,531.031512298584,0.18995645718500287,0.2930621444790271,NO_CHANGE
2025-10-28,3,False,3.0,0.0,0.985,0.985,629.9600830078125,589.80140625,531.6667231750488,0.190861894137025,0.2925247011622405,NO_CHANGE
2025-10-29,3,False,3.0,0.0,0.985,0.985,632.7968139648438,591.1381079101562,532.3241989135743,0.19082217503025303,0.2904813933561463,NO_CHANGE
2025-10-30,3,False,3.0,0.0,0.985,0.985,623.1222534179688,592.348525390625,532.9356817626954,0.20106679095653887,0.27054657944413973,NO_CHANGE
2025-10-31,3,False,3.0,0.0,0.985,0.985,626.1281127929688,593.6711547851562,533.5045834350586,0.2000831343411953,0.26452537877734983,NO_CHANGE
2025-11-03,3,False,3.0,0.0,0.985,0.985,629.1240234375,594.8809167480468,534.1064120483398,0.19935266607335084,0.28025151016204974,NO_CHANGE
2025-11-04,3,False,3.0,0.0,0.985,0.985,616.3540649414062,595.8680871582031,534.6014553833007,0.2133148290108835,0.28674604472583076,NO_CHANGE
2025-11-05,3,False,3.0,0.0,0.985,0.985,620.365234375,596.8899475097656,535.1013833618164,0.21089201175407604,0.2856080287511953,NO_CHANGE
2025-11-06,3,False,3.0,0.0,0.985,0.985,608.8095092773438,597.6631970214844,535.5102658081055,0.22212418172147133,0.2653467005699792,NO_CHANGE
2025-11-07,3,False,3.0,0.0,0.985,0.985,606.8884887695312,598.3266430664063,535.9039404296875,0.18078309196434958,0.24546588977922457,NO_CHANGE
2025-11-10,3,False,3.0,0.0,0.985,0.985,620.3154296875,599.3914477539063,536.3796728515625,0.18209645356941184,0.2393557994777833,NO_CHANGE
2025-11-11,3,False,3.0,0.0,0.985,0.985,618.6632080078125,600.5182531738282,536.9235948181152,0.1801768272225667,0.21689572901831156,NO_CHANGE
2025-11-12,3,False,3.0,0.0,0.985,0.985,618.1754760742188,601.5468225097657,537.4273988342285,0.1794045551062641,0.21451721793394385,NO_CHANGE
2025-11-13,3,False,3.0,0.0,0.985,0.985,605.5548095703125,602.2203796386718,537.8729579162598,0.19508501332234596,0.190416112487934,NO_CHANGE
2025-11-14,3,False,3.0,0.0,0.985,0.985,606.0126342773438,602.8865905761719,538.3097999572753,0.19388095604425704,0.19347648488274616,NO_CHANGE
2025-11-17,3,False,3.0,0.0,0.985,0.985,600.8369750976562,603.3934155273438,538.7245317077636,0.1908475597030203,0.18480800860360058,NO_CHANGE
2025-11-18,3,False,3.0,0.0,0.985,0.985,593.5213012695312,603.7213171386719,539.1234083557129,0.1952200745905891,0.17857283318495498,NO_CHANGE
2025-11-19,3,False,3.0,0.0,0.985,0.985,597.064697265625,604.1163098144531,539.5084703063965,0.19410709401999907,0.2145467376566046,NO_CHANGE
2025-11-20,3,False,3.0,0.0,0.985,0.985,582.9310913085938,604.1614245605468,539.811064300537,0.20773506278883455,0.17761446446877205,NO_CHANGE
2025-11-21,3,False,3.0,0.0,0.985,0.985,587.3104858398438,604.2428283691406,540.1219206237793,0.20546438417215698,0.17835489814740724,NO_CHANGE
2025-11-24,3,False,3.0,0.0,0.985,0.985,602.3299560546875,604.5248071289062,540.5409934997558,0.21699595192986967,0.20918587180103754,NO_CHANGE
2025-11-25,3,False,3.0,0.0,0.985,0.985,606.0425415039062,604.8909802246094,540.9472456359863,0.21617973254045883,0.21227805304946012,NO_CHANGE
2025-11-26,3,False,3.0,0.0,0.985,0.985,611.3973388671875,605.3877099609375,541.3865187072754,0.21840285558052647,0.22103072654622657,NO_CHANGE
2025-11-28,3,False,3.0,0.0,0.985,0.985,616.3540649414062,605.87779296875,541.849038848877,0.21475374338480493,0.2289859915839607,NO_CHANGE
2025-12-01,3,False,3.0,0.0,0.985,0.985,614.2837524414062,606.2463415527344,542.2635273742676,0.2140471465446592,0.2183165135926617,NO_CHANGE
2025-12-02,3,False,3.0,0.0,0.985,0.985,619.0911865234375,606.6404895019531,542.6908976745606,0.21538048580523098,0.23759537636293238,NO_CHANGE
2025-12-03,3,False,3.0,0.0,0.985,0.985,620.6041259765625,607.1445227050781,543.1197840881348,0.20271245446470432,0.2298135609251295,NO_CHANGE
2025-12-04,3,False,3.0,0.0,0.985,0.985,620.0267944335938,607.6788122558594,543.5450401306152,0.20146586199469943,0.21543603873283557,NO_CHANGE
2025-12-05,3,False,3.0,0.0,0.985,0.985,622.554931640625,608.3148229980469,543.9942906188965,0.1893026190321575,0.21666119961114316,NO_CHANGE
2025-12-08,3,False,3.0,0.0,0.985,0.985,621.3605346679688,608.8783764648438,544.4928495788574,0.18897717279309187,0.1994977139090124,NO_CHANGE
2025-12-09,3,False,3.0,0.0,0.985,0.985,622.1268920898438,609.402314453125,545.0260285949707,0.17216770168289963,0.20431455602914816,NO_CHANGE
2025-12-10,3,False,3.0,0.0,0.985,0.985,624.6749267578125,609.9445654296875,545.6044216918946,0.17234741601258707,0.1985206961314243,NO_CHANGE
2025-12-11,3,False,3.0,0.0,0.985,0.985,622.654541015625,610.3890795898437,546.1665653991699,0.17281545780645605,0.2040205256226837,NO_CHANGE
2025-12-12,3,False,3.0,0.0,0.985,0.985,610.7503662109375,610.546142578125,546.740036315918,0.17079027013151443,0.18503978363934181,NO_CHANGE
2025-12-15,3,False,3.0,0.0,0.985,0.985,607.6847534179688,610.6926538085937,547.2590116882325,0.17189435078490564,0.15835408033233356,NO_CHANGE
2025-12-16,3,False,3.0,0.0,0.985,0.985,608.8890991210938,610.773076171875,547.839140625,0.16883392165472336,0.1681890575915188,NO_CHANGE
2025-12-17,3,False,3.0,0.0,0.985,0.985,597.6021118164062,610.6914587402343,548.3702714538574,0.176608971129808,0.13782490272644843,NO_CHANGE
2025-12-18,3,False,3.0,0.0,0.985,0.985,606.261474609375,610.6450769042968,548.9126710510254,0.18265786498226597,0.13792548818700623,NO_CHANGE
2025-12-19,3,False,3.0,0.0,0.985,0.985,614.1643676757812,610.7714819335938,549.5630534362793,0.16274558835352676,0.1578579820242354,NO_CHANGE
2025-12-22,3,False,3.0,0.0,0.985,0.985,617.1082763671875,611.3787841796875,550.2103565979004,0.16195514459302254,0.20695090993422927,NO_CHANGE
2025-12-23,3,False,3.0,0.0,0.985,0.985,619.9984130859375,611.7948596191407,550.9666076660156,0.13768536874960158,0.21802772167435114,NO_CHANGE
2025-12-24,3,False,3.0,0.0,0.985,0.985,621.8123168945312,612.3270373535156,551.737530670166,0.13670145226372565,0.21101604584465905,NO_CHANGE
2025-12-26,3,False,3.0,0.0,0.985,0.985,621.7723999023438,612.7744104003906,552.4818780517578,0.13383251001615354,0.19925422727173725,NO_CHANGE
2025-12-29,3,False,3.0,0.0,0.985,0.985,618.7626342773438,613.2059790039062,553.2537153625489,0.13243766196713005,0.17748270590166082,NO_CHANGE
2025-12-30,3,False,3.0,0.0,0.985,0.985,617.3275146484375,613.5304150390625,553.9622538757325,0.13211520328031648,0.17555019647528836,NO_CHANGE
2025-12-31,3,False,3.0,0.0,0.985,0.985,612.2249145507812,613.6013122558594,554.629860534668,0.13227291937264524,0.18153996674483364,NO_CHANGE
2026-01-02,3,False,3.0,0.0,0.985,0.985,611.0390014648438,613.6516748046874,555.3323408508301,0.13188258557181018,0.1951466454520081,NO_CHANGE
2026-01-05,3,False,3.0,0.0,0.985,0.985,615.8923950195312,613.9163549804688,556.0276055908203,0.1354291886293661,0.2149603624274956,NO_CHANGE
2026-01-06,3,False,3.0,0.0,0.985,0.985,621.3040161132812,614.1879431152344,556.7580096435547,0.13844593315609316,0.2280378251446613,NO_CHANGE
2026-01-07,3,False,3.0,0.0,0.985,0.985,621.9020385742188,614.3417028808594,557.4835705566406,0.1383118044898474,0.20942723015840037,NO_CHANGE
2026-01-08,3,False,3.0,0.0,0.985,0.985,618.364013671875,614.205927734375,558.1391270446777,0.13972154193869296,0.1888831714422341,NO_CHANGE
2026-01-09,3,False,3.0,0.0,0.985,0.985,624.5230712890625,614.0971875,558.8115762329102,0.14364555943744772,0.22254006517864866,NO_CHANGE
2026-01-12,3,False,3.0,0.0,0.985,0.985,625.041259765625,613.9420764160157,559.5317008972168,0.14314533915963232,0.22334053730610837,NO_CHANGE
2026-01-13,3,False,3.0,0.0,0.985,0.985,624.1144409179688,613.9619201660156,560.260895690918,0.12392741244430645,0.2409867124314926,NO_CHANGE
2026-01-14,3,False,3.0,0.0,0.985,0.985,617.4471435546875,613.78830078125,561.0197138977051,0.1291635713848139,0.23168779422077046,NO_CHANGE
2026-01-15,3,False,3.0,0.0,0.985,0.985,619.6696166992188,613.5992126464844,561.7897436523438,0.12948235278387252,0.23729600337723555,NO_CHANGE
2026-01-16,3,False,3.0,0.0,0.985,0.985,619.1513671875,613.6551586914062,562.5384133911133,0.10762256894531318,0.20845916267527054,NO_CHANGE
2026-01-20,3,False,3.0,0.0,0.985,0.985,605.9961547851562,613.3677770996094,563.2041769409179,0.12505851219499786,0.19112779851372963,NO_CHANGE
2026-01-21,3,False,3.0,0.0,0.985,0.985,614.188232421875,613.4753515625,564.0374658203125,0.12573565032188763,0.1871918351966515,NO_CHANGE
2026-01-22,3,False,3.0,0.0,0.985,0.985,618.6530151367188,613.7106420898438,565.0320568847657,0.1272770176550562,0.18884938833436937,NO_CHANGE
2026-01-23,3,False,3.0,0.0,0.985,0.985,620.6063842773438,613.7164611816406,566.0313500976563,0.12667087899907886,0.17754744143800472,NO_CHANGE
2026-01-26,3,False,3.0,0.0,0.985,0.985,623.3370971679688,613.8099389648437,567.0821821594238,0.12721722876161484,0.18021942692633575,NO_CHANGE
2026-01-27,3,False,3.0,0.0,0.985,0.985,628.9878540039062,614.0261865234374,567.9133020019531,0.1310793317973185,0.19768668657593436,NO_CHANGE
2026-01-28,3,False,3.0,0.0,0.985,0.985,631.0707397460938,614.5365051269531,568.8532481384277,0.12977122252989187,0.23768770452011112,NO_CHANGE
2026-01-29,3,False,3.0,0.0,0.985,0.985,627.2936401367188,614.9621252441407,569.7334939575195,0.13165997180763267,0.21236152171640987,NO_CHANGE
2026-01-30,3,False,3.0,0.0,0.985,0.985,619.75927734375,615.3405712890625,570.5607746887207,0.13570228325783662,0.20005360813728035,NO_CHANGE
2026-02-02,3,False,3.0,0.0,0.985,0.985,624.0148315429688,615.9504418945312,571.4068008422852,0.13707036018921975,0.2031654844908488,NO_CHANGE
2026-02-03,3,False,3.0,0.0,0.985,0.985,614.4274291992188,616.2976965332032,572.2734608459473,0.1462669435219323,0.1864038457912205,NO_CHANGE
2026-02-04,3,False,3.0,0.0,0.985,0.985,603.6939697265625,616.7129541015624,573.0868505859376,0.15461453214259696,0.17508263423028092,NO_CHANGE
2026-02-05,3,False,3.0,0.0,0.985,0.985,595.003662109375,616.8668176269531,573.911357421875,0.1609924365862824,0.14412272372034773,NO_CHANGE
2026-02-06,3,False,3.0,0.0,0.985,0.985,607.5807495117188,616.9718334960937,574.7422943115234,0.18020729581679037,0.16302919792882586,NO_CHANGE
2026-02-09,3,False,3.0,0.0,0.985,0.985,612.2349243164062,617.0956811523438,575.5464520263672,0.1785601516639579,0.16585259605519886,NO_CHANGE
2026-02-10,3,False,3.0,0.0,0.985,0.985,609.39453125,617.055625,576.272901763916,0.17889912206149386,0.17526799347784827,NO_CHANGE
2026-02-11,3,False,3.0,0.0,0.985,0.985,611.0289916992188,616.9491235351562,576.9816548156738,0.17942385098099795,0.16432578748513937,NO_CHANGE
2026-02-12,3,False,3.0,0.0,0.985,0.985,598.601318359375,616.6354748535156,577.6290144348145,0.1893367423427981,0.14336670193631784,NO_CHANGE
2026-02-13,3,False,3.0,0.0,0.985,0.985,599.8770141601562,616.25119140625,578.2672605895996,0.18888539079592864,0.14513118683630744,NO_CHANGE
2026-02-17,3,False,3.0,0.0,0.985,0.985,599.259033203125,615.8242895507813,578.9027149963379,0.18887687094235658,0.12772820471411905,NO_CHANGE
2026-02-18,3,False,3.0,0.0,0.985,0.985,603.7338256835938,615.4984301757812,579.5297091674805,0.17626960236864095,0.1313988920919118,NO_CHANGE
2026-02-19,3,False,3.0,0.0,0.985,0.985,601.4216918945312,615.0757653808594,580.1096408081055,0.1690653366201756,0.12451665332778394,NO_CHANGE
2026-02-20,3,False,3.0,0.0,0.985,0.985,606.7435913085938,614.7834265136719,580.7305812072753,0.1701787487648754,0.1341519262889843,NO_CHANGE
2026-02-23,3,False,3.0,0.0,0.985,0.985,599.36865234375,614.32826171875,581.33708984375,0.17395478604901746,0.12514213145159925,NO_CHANGE
2026-02-24,3,False,3.0,0.0,0.985,0.985,605.8067626953125,613.9508984375,581.9664050292969,0.17829780841341825,0.1613308211725868,NO_CHANGE
2026-02-25,3,False,3.0,0.0,0.985,0.985,614.5868530273438,613.7895446777344,582.6148434448243,0.1834751971979617,0.1922356492678141,NO_CHANGE
2026-02-26,3,False,3.0,0.0,0.985,0.985,607.172119140625,613.7179797363282,583.227797241211,0.18666886216273554,0.1928811866519582,NO_CHANGE
2026-02-27,3,False,3.0,0.0,0.985,0.985,605.2286987304688,613.6688586425781,583.73232421875,0.18611410028062622,0.18619775646732695,NO_CHANGE
2026-03-02,3,False,3.0,0.0,0.985,0.985,606.0260620117188,613.6115979003906,584.202406616211,0.18231741534805707,0.2216883549683173,NO_CHANGE
2026-03-03,3,False,3.0,0.0,0.985,0.985,599.5381469726562,613.6503186035156,584.6247067260742,0.18285767463792463,0.189820256322625,NO_CHANGE
2026-03-04,3,False,3.0,0.0,0.985,0.985,608.677001953125,613.6986291503906,585.0898706054687,0.185305560356211,0.2349813577525155,NO_CHANGE
2026-03-05,3,False,3.0,0.0,0.985,0.985,606.8432006835938,613.5522058105469,585.5346447753906,0.1744358935712903,0.2349876007730256,NO_CHANGE
2026-03-06,3,False,3.0,0.0,0.985,0.985,597.71435546875,613.1643273925781,585.9312915039062,0.1751743397971983,0.20075633428739548,NO_CHANGE
2026-03-09,3,False,3.0,0.0,0.985,0.985,605.6971435546875,612.8783020019531,586.3764920043945,0.16475561021174812,0.25121316869273325,NO_CHANGE
2026-03-10,3,False,3.0,0.0,0.985,0.985,605.7071533203125,612.5561987304687,586.8576414489746,0.1621922483235437,0.2421000300514955,NO_CHANGE
2026-03-11,3,False,3.0,0.0,0.985,0.985,605.6273803710938,612.2332983398437,587.3336251831055,0.16144887312301323,0.2920100409239854,NO_CHANGE
2026-03-12,3,False,3.0,0.0,0.985,0.985,595.2328491210938,611.7627026367187,587.781271057129,0.17169416623294143,0.2728776089889693,NO_CHANGE
2026-03-13,3,False,3.0,0.0,0.985,0.985,591.7047729492188,611.2502478027344,588.1517929077148,0.15747871393965865,0.2512182594788632,NO_CHANGE
2026-03-16,3,False,3.0,0.0,0.985,0.985,598.3422241210938,610.9725939941407,588.5669717407227,0.16273239304388862,0.2884333430744388,NO_CHANGE
2026-03-17,3,False,3.0,0.0,0.985,0.985,601.2622680664062,610.7770593261719,588.9916860961914,0.16362373232719254,0.2641657325485671,NO_CHANGE
2026-03-18,3,False,3.0,0.0,0.985,0.985,592.880859375,610.3168286132812,589.3785647583007,0.1686118270196159,0.23851352010393367,NO_CHANGE
2026-03-19,3,False,3.0,0.0,0.985,0.985,591.0072021484375,609.7108923339844,589.735717163086,0.16847175716199572,0.25601120350150275,NO_CHANGE
2026-03-20,1,False,1.25,0.861875,0.123125,0.985,580.0844116210938,608.8745397949219,590.0179483032226,0.1754566626380119,0.2165193447071454,REBALANCE_NEXT_SESSION
2026-03-23,1,False,1.25,0.861875,0.123125,0.985,586.7431640625,608.2421228027343,590.3261740112305,0.1776884587359373,0.23466858770748789,NO_CHANGE
2026-03-24,1,False,1.25,0.861875,0.123125,0.985,582.731689453125,607.4062951660156,590.6341040039063,0.1731751153318695,0.22219817005846987,NO_CHANGE
2026-03-25,1,False,1.25,0.861875,0.123125,0.985,586.5635375976562,606.6367407226562,590.9357214355468,0.16534824028813427,0.20381789215119817,NO_CHANGE
2026-03-26,1,False,1.25,0.861875,0.123125,0.985,572.5634765625,605.6057214355469,591.1634652709961,0.17933009308388867,0.16841764446555474,NO_CHANGE
2026-03-27,1,False,1.25,0.861875,0.123125,0.985,561.3775024414062,604.4843286132813,591.3178512573243,0.18885277197576397,0.16706538020090544,NO_CHANGE
2026-03-30,1,False,1.25,0.861875,0.123125,0.985,557.086669921875,603.2326696777344,591.4597204589844,0.18838199238663694,0.1647819942291191,NO_CHANGE
2026-03-31,1,False,1.25,0.861875,0.123125,0.985,575.9462280273438,602.3685668945312,591.6896813964844,0.22964801440543023,0.23677610503661417,NO_CHANGE
2026-04-01,1,False,1.25,0.861875,0.123125,0.985,583.06103515625,601.9098645019532,591.9884832763672,0.22699955312592388,0.25210764337876457,NO_CHANGE
2026-04-02,1,False,1.25,0.861875,0.123125,0.985,583.7295532226562,601.3006909179687,592.2542324829102,0.22724573877782175,0.24351915599338692,NO_CHANGE
2026-04-06,1,False,1.25,0.861875,0.123125,0.985,587.2420654296875,600.6724719238281,592.5634133911133,0.22328175987697665,0.2419376262009867,NO_CHANGE
2026-04-07,1,False,1.25,0.861875,0.123125,0.985,587.3319091796875,600.006982421875,592.8734906005859,0.21701880744260388,0.31238422009675215,NO_CHANGE
2026-04-08,3,False,3.0,0.0,0.985,0.985,604.7944946289062,599.6361303710937,593.2816052246094,0.24367792822208256,0.44089670761756516,REBALANCE_NEXT_SESSION
2026-04-09,3,False,3.0,0.0,0.985,0.985,608.8857421875,599.2340881347657,593.6832791137696,0.2448418146964395,0.4471515396101069,NO_CHANGE
2026-04-10,3,False,3.0,0.0,0.985,0.985,609.7638549804688,598.8079504394532,594.0489306640625,0.2359037417470793,0.4758158731767279,NO_CHANGE
2026-04-13,3,False,3.0,0.0,0.985,0.985,616.0703125,598.5834838867188,594.4392547607422,0.2363513450391752,0.3312843370155343,NO_CHANGE
2026-04-14,3,False,3.0,0.0,0.985,0.985,627.2562866210938,598.7334240722656,594.8603561401367,0.2411276481433406,0.4156679278967166,NO_CHANGE
2026-04-15,3,False,3.0,0.0,0.985,0.985,636.0375366210938,598.9738781738281,595.3160681152344,0.24448522423517188,0.40951871989754896,NO_CHANGE
2026-04-16,3,False,3.0,0.0,0.985,0.985,639.1009521484375,599.4673486328124,595.7694506835937,0.23624914340058123,0.4067720611919239,NO_CHANGE
2026-04-17,3,False,3.0,0.0,0.985,0.985,647.4630126953125,600.3427294921875,596.2877578735352,0.236878023802335,0.4235913479258584,NO_CHANGE
2026-04-20,3,False,3.0,0.0,0.985,0.985,645.4074096679688,601.3508044433594,596.7768481445313,0.22284515800224303,0.46319224370866796,NO_CHANGE
2026-04-21,3,False,3.0,0.0,0.985,0.985,642.9526977539062,602.0582434082031,597.226723022461,0.22395480298679005,0.4578896595047073,NO_CHANGE
2026-04-22,3,False,3.0,0.0,0.985,0.985,653.709716796875,602.8877392578125,597.7512106323243,0.22350627639064702,0.5198935800043027,NO_CHANGE
2026-04-23,3,False,3.0,0.0,0.985,0.985,650.0275268554688,603.7003991699219,598.255746459961,0.22715707233172963,0.47267169990717384,NO_CHANGE
2026-04-24,3,False,3.0,0.0,0.985,0.985,662.4609375,604.7290380859375,598.8030133056641,0.20417453675160266,0.4675586512494332,NO_CHANGE
2026-04-27,3,False,3.0,0.0,0.985,0.985,662.8101806640625,606.0132153320312,599.356003112793,0.18006977421079035,0.4281483180417074,NO_CHANGE
2026-04-28,3,False,3.0,0.0,0.985,0.985,656.1444702148438,607.138564453125,599.8818774414062,0.18309980573454934,0.3981988011690467,NO_CHANGE
2026-04-29,3,False,3.0,0.0,0.985,0.985,660.1558837890625,608.3565014648437,600.4178176879883,0.15621237202128532,0.4071936047594811,NO_CHANGE
2026-04-30,3,False,3.0,0.0,0.985,0.985,666.3126220703125,609.6080773925781,600.9820068359375,0.1551748644093872,0.41099834819270575,NO_CHANGE
2026-05-01,3,False,3.0,0.0,0.985,0.985,672.708984375,611.0338232421875,601.575344543457,0.15402990963123958,0.4247233358104954,NO_CHANGE
2026-05-04,3,False,3.0,0.0,0.985,0.985,671.4417114257812,612.3277856445312,602.1399267578125,0.15732765703504675,0.40370602908074793,NO_CHANGE
2026-05-05,3,False,3.0,0.0,0.985,0.985,680.1530151367188,613.9434729003906,602.7507498168945,0.15675892024364727,0.40111962559784375,NO_CHANGE
2026-05-06,3,False,3.0,0.0,0.985,0.985,694.2827758789062,615.7129931640625,603.417756652832,0.14240848611043413,0.4387625037320444,NO_CHANGE
2026-05-07,3,False,3.0,0.0,0.985,0.985,693.4545288085938,617.2903466796874,604.0951373291016,0.14532578083892922,0.4505386013428281,NO_CHANGE
2026-05-08,3,False,3.0,0.0,0.985,0.985,709.709716796875,619.3410986328125,604.841068725586,0.15565582285590457,0.4787352744958351,NO_CHANGE
2026-05-11,3,False,3.0,0.0,0.985,0.985,711.7652587890625,621.4718298339844,605.5913122558594,0.15619919523831352,0.46786239890602266,NO_CHANGE
2026-05-12,3,False,3.0,0.0,0.985,0.985,705.7282104492188,623.4658728027343,606.3046102905273,0.160191592382176,0.456366812475683,NO_CHANGE
2026-05-13,3,False,3.0,0.0,0.985,0.985,713.1823120117188,625.7387561035156,607.0463806152344,0.15835759964609217,0.41413713674232544,NO_CHANGE
2026-05-14,3,False,3.0,0.0,0.985,0.985,718.2514038085938,627.930244140625,607.8178707885742,0.1583801335830094,0.4028085182979855,NO_CHANGE
2026-05-15,3,False,3.0,0.0,0.985,0.985,707.4146728515625,629.9416735839844,608.5313989257812,0.17238628397058736,0.3734123786591841,NO_CHANGE
2026-05-18,3,False,3.0,0.0,0.985,0.985,704.3711547851562,632.0748095703125,609.2446719360352,0.17309645023460415,0.36600221464280147,NO_CHANGE
2026-05-19,3,False,3.0,0.0,0.985,0.985,700.030517578125,633.9614770507812,609.9915676879883,0.17478032363318471,0.3517015685055762,NO_CHANGE
2026-05-20,3,False,3.0,0.0,0.985,0.985,711.6256713867188,636.0798474121094,610.7456369018555,0.1746240895932972,0.3727744012282739,NO_CHANGE
2026-05-21,3,False,3.0,0.0,0.985,0.985,712.9827270507812,638.2269543457031,611.5255294799805,0.17094196612688398,0.37999227162394766,NO_CHANGE
2026-05-22,3,False,3.0,0.0,0.985,0.985,716.0062255859375,640.642421875,612.285495300293,0.16220769618310404,0.4053742445663857,NO_CHANGE
2026-05-26,3,False,3.0,0.0,0.985,0.985,728.7190551757812,643.3827075195312,613.0994812011719,0.16878958500111305,0.4276554095408702,NO_CHANGE
2026-05-27,3,False,3.0,0.0,0.985,0.985,727.8908081054688,645.9736791992187,613.8829309082031,0.1611707115102165,0.4393623085483962,NO_CHANGE
2026-05-28,3,False,3.0,0.0,0.985,0.985,734.027587890625,648.6289855957032,614.7055148315429,0.16154473306183303,0.41813565807603803,NO_CHANGE
2026-05-29,3,False,3.0,0.0,0.985,0.985,736.7318115234375,651.5060046386719,615.5058297729493,0.16095088421907275,0.42969644717777244,NO_CHANGE
2026-06-01,3,False,3.0,0.0,0.985,0.985,741.1524047851562,654.5089086914063,616.3268057250976,0.16011660064150587,0.43545334366821575,NO_CHANGE
2026-06-02,3,False,3.0,0.0,0.985,0.985,744.5650024414062,657.7985205078126,617.1670812988282,0.15811203957048514,0.4443406350624126,NO_CHANGE
2026-06-03,3,False,3.0,0.0,0.985,0.985,742.6192626953125,660.9160424804687,618.0103042602539,0.15766533294282958,0.4292773952467741,NO_CHANGE
2026-06-04,3,False,3.0,0.0,0.985,0.985,739.0269165039062,664.0419470214844,618.836708984375,0.14843390791722064,0.4113312200266501,NO_CHANGE
2026-06-05,3,False,3.0,0.0,0.985,0.985,703.5529174804688,666.3817346191406,619.5246649169922,0.23463807563771735,0.33985063242702784,NO_CHANGE
2026-06-08,3,False,3.0,0.0,0.985,0.985,714.5393676757812,669.2212524414062,620.2843548583984,0.2261257178121481,0.3710933048629077,NO_CHANGE
2026-06-09,3,False,3.0,0.0,0.985,0.985,706.3169555664062,672.1200415039062,621.0159564208984,0.22979851138153987,0.34219536096206915,NO_CHANGE
2026-06-10,3,False,3.0,0.0,0.985,0.985,692.2072143554688,674.8224523925782,621.633812866211,0.23868833048784036,0.31344951462191273,NO_CHANGE
2026-06-11,3,False,3.0,0.0,0.985,0.985,715.5870971679688,677.6152697753906,622.3767706298828,0.26607125032836965,0.3488910188861418,NO_CHANGE
2026-06-12,3,False,3.0,0.0,0.985,0.985,719.798095703125,680.3500109863281,623.129400024414,0.265691545496954,0.3614159812643818,NO_CHANGE
2026-06-15,3,False,3.0,0.0,0.985,0.985,742.40966796875,683.52361328125,623.9907131958008,0.28094274707628114,0.40089443837431094,NO_CHANGE
2026-06-16,3,False,3.0,0.0,0.985,0.985,728.2998657226562,686.3447692871093,624.7636315917969,0.29039949051851094,0.39174268739565554,NO_CHANGE
2026-06-17,3,False,3.0,0.0,0.985,0.985,720.965576171875,689.0174426269531,625.5330834960937,0.2921523897910302,0.35882612919931844,NO_CHANGE
2026-06-18,3,False,3.0,0.0,0.985,0.985,739.0369262695312,691.7022912597656,626.4166534423828,0.29938292000452427,0.40660192257427474,NO_CHANGE
2026-06-22,3,False,3.0,0.0,0.985,0.985,737.1818237304688,694.268212890625,627.2688275146485,0.29982341348368435,0.4033099467455037,NO_CHANGE
2026-06-23,2,False,2.0,0.4925,0.4925,0.985,712.9071655273438,696.3310791015625,627.9739785766601,0.323937781043174,0.3626641940174129,REBALANCE_NEXT_SESSION
2026-06-24,2,False,2.0,0.4925,0.4925,0.985,709.8803100585938,698.2072790527344,628.6598696899414,0.31727307531603055,0.34306880117841354,NO_CHANGE
2026-06-25,2,False,2.0,0.4925,0.4925,0.985,715.63427734375,699.9748388671875,629.3605624389648,0.318957477970495,0.33356232407710285,NO_CHANGE
2026-06-26,2,False,2.0,0.4925,0.4925,0.985,705.7846069335938,701.3697802734375,630.0038543701172,0.3202981268636523,0.31185390465589125,NO_CHANGE
2026-06-29,2,False,2.0,0.4925,0.4925,0.985,723.3262939453125,703.054287109375,630.733910522461,0.3336137747828182,0.3320042863395294,NO_CHANGE
2026-06-30,2,False,2.0,0.4925,0.4925,0.985,735.6334838867188,704.8176965332032,631.508701171875,0.33880146866566696,0.3500459587959177,NO_CHANGE
2026-07-01,2,False,2.0,0.4925,0.4925,0.985,724.4151000976562,706.3978503417969,632.2145751953125,0.3424120678100897,0.32090229623969413,NO_CHANGE
2026-07-02,2,False,2.0,0.4925,0.4925,0.985,711.8582153320312,707.7759606933594,632.8327111816407,0.347200450078168,0.30904037141771634,NO_CHANGE
2026-07-06,2,False,2.0,0.4925,0.4925,0.985,722.067626953125,709.1431188964843,633.5043798828125,0.3516830564799534,0.3186297720031781,NO_CHANGE
2026-07-07,2,False,2.0,0.4925,0.4925,0.985,708.6915283203125,710.3163989257813,634.1150332641602,0.3127631475730605,0.28159146365221055,NO_CHANGE
2026-07-08,2,False,2.0,0.4925,0.4925,0.985,710.699462890625,711.2811694335937,634.7092810058593,0.3078480512660852,0.29497753437905616,NO_CHANGE
2026-07-09,2,False,2.0,0.4925,0.4925,0.985,722.5271606445312,712.4755090332031,635.3426351928711,0.3102101527651336,0.315790146438929,NO_CHANGE
2026-07-10,2,False,2.0,0.4925,0.4925,0.985,724.7548217773438,713.8477160644532,635.9694903564454,0.2998431686006818,0.3105694446958416,NO_CHANGE
2026-07-13,2,False,2.0,0.4925,0.4925,0.985,710.9990844726562,714.864580078125,636.547473449707,0.28489065260296637,0.28754681570321794,NO_CHANGE
2026-07-14,2,False,2.0,0.4925,0.4925,0.985,718.9408569335938,715.9171447753906,637.1756161499023,0.2869900803912755,0.3048648257034441,NO_CHANGE
2026-07-15,3,False,3.0,0.0,0.985,0.985,716.9928588867188,716.802822265625,637.8068084716797,0.26208127766880696,0.2966267008468706,REBALANCE_NEXT_SESSION
2026-07-16,3,False,3.0,0.0,0.985,0.985,705.2051391601562,717.4780908203124,638.3669198608399,0.259973045229118,0.27414138591513515,NO_CHANGE
2026-07-17,3,False,3.0,0.0,0.985,0.985,694.606201171875,717.7671545410157,638.8603009033203,0.26272724501904576,0.253708021501716,NO_CHANGE
2026-07-20,3,False,3.0,0.0,0.985,0.985,695.33544921875,717.7882080078125,639.3491662597656,0.24335676006977025,0.2449489546249004,NO_CHANGE
2026-07-21,3,False,3.0,0.0,0.985,0.985,708.2319946289062,718.0837573242187,639.8881820678711,0.25503850592060917,0.26925934376873895,NO_CHANGE
2026-07-22,3,False,3.0,0.0,0.985,0.985,704.61572265625,717.9818774414063,640.396774597168,0.22777571282000866,0.25626507090008666,NO_CHANGE
2026-07-23,3,False,3.0,0.0,0.985,0.985,691.23974609375,717.5713671875,640.851177368164,0.23682875257830935,0.23882887595360192,NO_CHANGE
2026-07-24,3,False,3.0,0.0,0.985,0.985,683.5177612304688,717.127158203125,641.2444262695312,0.23664188437332903,0.2194276197959497,NO_CHANGE
2026-07-27,3,False,3.0,0.0,0.985,0.985,681.4099731445312,716.4917114257812,641.6430612182617,0.23271687918059086,0.2130850868244878,NO_CHANGE
2026-07-28,3,False,3.0,0.0,0.985,0.985,674.786865234375,715.6224206542969,641.9740927124024,0.21191432828753426,0.1984096804922455,NO_CHANGE
2026-07-29,3,False,3.0,0.0,0.985,0.985,661.0411376953125,714.6949499511719,642.2400778198243,0.20564624533702283,0.1703400832448505,NO_CHANGE
2026-07-30,3,False,3.0,0.0,0.985,0.985,682.8384399414062,714.2642956542969,642.7205541992188,0.24249276333426628,0.2108065618651116,NO_CHANGE
2026-07-31,3,False,3.0,0.0,0.985,0.985,687.2738647460938,714.0091625976562,643.1609503173828,0.2383195920310088,0.21704065187572286,NO_CHANGE
2026-08-03,3,False,3.0,0.0,0.985,0.985,699.34130859375,713.7634753417968,643.6816397094726,0.24143522663568134,0.245007477863048,NO_CHANGE
2026-08-04,3,False,3.0,0.0,0.985,0.985,723.0964965820312,713.9657507324218,644.3001034545898,0.26322574173428664,0.31316571549673955,NO_CHANGE
2026-08-05,3,False,3.0,0.0,0.985,0.985,716.5533447265625,713.9766931152344,644.8969491577149,0.2655783634631336,0.2777072596674417,NO_CHANGE
2026-08-06,3,False,3.0,0.0,0.985,0.985,713.9061279296875,713.6804345703125,645.4609512329101,0.25895501493581324,0.2816889231452657,NO_CHANGE
2026-08-07,3,False,3.0,0.0,0.985,0.985,722.2774047851562,713.5681665039062,646.0289379882812,0.2623252924616617,0.2806040392650413,NO_CHANGE
2026-08-10,3,False,3.0,0.0,0.985,0.985,720.11962890625,713.2900073242188,646.5869317626953,0.25298905790264137,0.2724718034733151,NO_CHANGE
2026-08-11,3,False,3.0,0.0,0.985,0.985,717.7021484375,712.9094140625,647.1621505737305,0.25029979331052055,0.2564794458118802,NO_CHANGE
2026-08-12,3,False,3.0,0.0,0.985,0.985,722.9467163085938,712.5453002929687,647.7382611083984,0.2513684659507025,0.26941703689850827,NO_CHANGE
2026-08-13,3,False,3.0,0.0,0.985,0.985,731.3079833984375,712.2801599121094,648.3237307739258,0.24588647039633374,0.2681593904918025,NO_CHANGE
2026-08-14,3,False,3.0,0.0,0.985,0.985,730.3090209960938,712.033955078125,648.8495120239257,0.23804380730447072,0.2657940707300759,NO_CHANGE
2026-08-17,3,False,3.0,0.0,0.985,0.985,729.1102294921875,711.8356213378906,649.3452627563477,0.23846985703123988,0.26469683357369367,NO_CHANGE
2026-08-18,3,False,3.0,0.0,0.985,0.985,716.7631225585938,712.0998254394531,649.7650942993164,0.24001833685289684,0.24877134742967377,NO_CHANGE
2026-08-19,3,False,3.0,0.0,0.985,0.985,715.3345947265625,712.1157299804687,650.2261560058594,0.23927164394095307,0.24677928915537817,NO_CHANGE
2026-08-20,3,False,3.0,0.0,0.985,0.985,710.18994140625,712.1931896972657,650.6464651489258,0.22977258849897142,0.254837390162991,NO_CHANGE
2026-08-21,3,False,3.0,0.0,0.985,0.985,712.6973876953125,712.6029931640625,651.0643319702149,0.2249357211796222,0.26678926465184616,NO_CHANGE
2026-08-24,3,False,3.0,0.0,0.985,0.985,705.5847778320312,712.4029467773438,651.510485534668,0.22838439204466857,0.25998037054011536,NO_CHANGE
2026-08-25,3,False,3.0,0.0,0.985,0.985,709.9801635742188,712.2065881347656,651.9585601806641,0.22466218250058675,0.24856719738280275,NO_CHANGE
2026-08-26,3,False,3.0,0.0,0.985,0.985,710.6295166015625,711.5709851074218,652.4676602172851,0.2078215737627054,0.25332469289763715,NO_CHANGE
2026-08-27,3,False,3.0,0.0,0.985,0.985,720.359375,711.4121752929688,653.0350146484375,0.18139207965348028,0.2654040610891699,NO_CHANGE
2026-08-28,3,False,3.0,0.0,0.985,0.985,715.6842651367188,711.3065490722656,653.5118588256836,0.18366816255538912,0.25526263024299967,NO_CHANGE
2026-08-31,3,False,3.0,0.0,0.985,0.985,716.013916015625,710.8460888671875,653.9986123657227,0.1743617200254163,0.2480280892098803,NO_CHANGE
2026-09-01,3,False,3.0,0.0,0.985,0.985,706.9033813476562,710.2405200195312,654.4422518920899,0.13164514262700203,0.24657785632485774,NO_CHANGE
2026-09-02,3,False,3.0,0.0,0.985,0.985,708.501708984375,710.1524108886719,654.9569863891602,0.1286746577958502,0.25995520074190015,NO_CHANGE
2026-09-03,3,False,3.0,0.0,0.985,0.985,716.9229125976562,710.2932629394531,655.5115377807617,0.13531246873404654,0.26497873100698155,NO_CHANGE
2026-09-04,3,False,3.0,0.0,0.985,0.985,718.2116088867188,710.3448095703125,656.098410949707,0.12856087968438337,0.25588486292738066,NO_CHANGE
2026-09-08,3,False,3.0,0.0,0.985,0.985,717.6122436523438,710.5813623046874,656.7188656616211,0.1281796638661059,0.25302885992136326,NO_CHANGE
2026-09-09,3,False,3.0,0.0,0.985,0.985,715.5643920898438,710.4261242675781,657.3113641357422,0.12802464379579007,0.24338784433681804,NO_CHANGE
2026-09-10,3,False,3.0,0.0,0.985,0.985,707.9523315429688,709.8725012207032,657.9364703369141,0.1300505669680611,0.2266854392449118,NO_CHANGE
2026-09-11,3,False,3.0,0.0,0.985,0.985,714.1358642578125,709.6669165039062,658.5705972290039,0.12676478718291762,0.23699502998816957,NO_CHANGE
2026-09-14,3,False,3.0,0.0,0.985,0.985,708.4417724609375,709.5985876464844,659.1011563110352,0.12905822003122974,0.22003072383914501,NO_CHANGE
2026-09-15,3,False,3.0,0.0,0.985,0.985,703.8065795898438,709.2333666992188,659.5899765014649,0.13030251342623883,0.20671802879274792,NO_CHANGE
2026-09-16,3,False,3.0,0.0,0.985,0.985,703.9863891601562,709.1392639160156,660.0529217529297,0.11734593430033317,0.1967855613501195,NO_CHANGE
2026-09-17,3,False,3.0,0.0,0.985,0.985,716.1737060546875,709.2487487792969,660.5520199584961,0.13376193709566056,0.21853396960485316,NO_CHANGE
2026-09-18,3,False,3.0,0.0,0.985,0.985,720.6990356445312,709.2121862792969,661.0840963745118,0.13259586154546288,0.22868587824224074,NO_CHANGE
2026-09-21,3,False,3.0,0.0,0.985,0.985,741.469970703125,709.5464892578125,661.6959902954102,0.16581253707871568,0.25280067205197887,NO_CHANGE
2026-09-22,3,False,3.0,0.0,0.985,0.985,747.4600219726562,710.2757080078125,662.3302697753907,0.1607751439815987,0.25442995704997995,NO_CHANGE
2026-09-23,3,False,3.0,0.0,0.985,0.985,741.2100219726562,710.7210913085937,662.936185913086,0.16509442326224227,0.2366200679734558,NO_CHANGE
2026-09-24,3,False,3.0,0.0,0.985,0.985,741.0999755859375,711.2032336425781,663.5289111328125,0.16524773989048888,0.24470424314566963,NO_CHANGE
2026-09-25,3,False,3.0,0.0,0.985,0.985,744.5,711.989130859375,664.1446084594727,0.1598887933237618,0.25481972782362483,NO_CHANGE
2026-09-28,3,False,3.0,0.0,0.985,0.985,736.530029296875,712.827607421875,664.7166241455078,0.16341279139579432,0.24676182879908093,NO_CHANGE
2026-09-29,3,False,3.0,0.0,0.985,0.985,737.9299926757812,713.6794982910156,665.2828994750977,0.16337282559970334,0.24401772334347327,NO_CHANGE
2026-09-30,3,False,3.0,0.0,0.985,0.985,739.77001953125,714.3102587890625,665.8684768676758,0.15441226311890274,0.2413706788101293,NO_CHANGE
2026-10-01,3,False,3.0,0.0,0.985,0.985,742.030029296875,715.058544921875,666.5248751831055,0.15443399927403453,0.241761624732316,NO_CHANGE
2026-10-02,3,False,3.0,0.0,0.985,0.985,749.5800170898438,716.2253503417969,667.2343515014649,0.15314805034791698,0.2484077643887741,NO_CHANGE
2026-10-05,3,False,3.0,0.0,0.985,0.985,756.2000122070312,717.6789953613281,667.9709060668945,0.15488359029082677,0.2542768338268946,NO_CHANGE
