asof_date,strategy_return,baseline_return,strategy_exposure,baseline_exposure
2026-09-28,-0.0321153957144057,-0.0321153957144058,3.0,3.0
2026-09-29,0.0057022659900614,0.0057022659900616,3.0,3.0
2026-09-30,0.0074804935714698,0.00748049357147,3.0,3.0
2026-10-01,0.0091650501072903,0.0091650501072904,3.0,3.0
2026-10-02,0.0305243217722181,0.0305243217722182,3.0,3.0
2026-10-05,0.0264948169625256,0.0264948169625258,3.0,3.0
2026-10-06,0.0137263721832075,0.0137263721832077,3.0,3.0
2026-10-07,-0.0076218021641664,-0.0076218021641665,3.0,3.0
2026-10-08,-0.0401856742132356,-0.0401856742132357,3.0,3.0
